URL_ID,URL,Title,Status
Netclan20241017,https://insights.blackcoffer.com/ai-and-ml-based-youtube-analytics-and-content-creation-tool-for-optimizing-subscriber-engagement-and-content-strategy/,AI and ML-Based YouTube Analytics and Content Creation Tool for Optimizing Subscriber Engagement and Content Strategy,Success
Netclan20241018,https://insights.blackcoffer.com/enhancing-front-end-features-and-functionality-for-improved-user-experience-and-dashboard-accuracy-in-partner-hospital-application/,Enhancing Front-End Features and Functionality for Improved User Experience and Dashboard Accuracy in Partner Hospital Application,Success
Netclan20241019,https://insights.blackcoffer.com/roas-dashboard-for-campaign-wise-google-ads-budget-tracking-using-google-ads-ap/,ROAS Dashboard for Campaign-Wise Google Ads Budget Tracking Using Google Ads AP,Success
Netclan20241020,https://insights.blackcoffer.com/efficient-processing-and-analysis-of-financial-data-from-pdf-files-addressing-formatting-inconsistencies-and-ensuring-data-integrity-for-a-toyota-dealership-management-firm/,Efficient Processing and Analysis of Financial Data from PDF Files: Addressing Formatting Inconsistencies and Ensuring Data Integrity for a Toyota Dealership Management Firm,Success
Netclan20241021,https://insights.blackcoffer.com/development-of-ea-robot-for-automated-trading/,Development of EA Robot for Automated Trading,Success
Netclan20241022,https://insights.blackcoffer.com/ai-and-ml-based-youtube-analytics-and-content-creation-tool-for-optimizing-subscriber-engagement-and-content-strategy/,AI and ML-Based YouTube Analytics and Content Creation Tool for Optimizing Subscriber Engagement and Content Strategy,Success
Netclan20241023,https://insights.blackcoffer.com/enhancing-front-end-features-and-functionality-for-improved-user-experience-and-dashboard-accuracy-in-partner-hospital-application/,Enhancing Front-End Features and Functionality for Improved User Experience and Dashboard Accuracy in Partner Hospital Application,Success
Netclan20241024,https://insights.blackcoffer.com/roas-dashboard-for-campaign-wise-google-ads-budget-tracking-using-google-ads-ap/,ROAS Dashboard for Campaign-Wise Google Ads Budget Tracking Using Google Ads AP,Success
Netclan20241025,https://insights.blackcoffer.com/efficient-processing-and-analysis-of-financial-data-from-pdf-files-addressing-formatting-inconsistencies-and-ensuring-data-integrity-for-a-toyota-dealership-management-firm/,Efficient Processing and Analysis of Financial Data from PDF Files: Addressing Formatting Inconsistencies and Ensuring Data Integrity for a Toyota Dealership Management Firm,Success
Netclan20241026,https://insights.blackcoffer.com/transforming-and-managing-a-large-scale-sql-pedigree-database-to-neo4j-graph-db/,Transforming and Managing a Large-Scale SQL Pedigree Database to Neo4j Graph DB,Success
Netclan20241027,https://insights.blackcoffer.com/enhancing-model-accuracy-from-58-to-over-90-strategies-for-improving-predictive-performance/,Enhancing Model Accuracy from 58% to Over 90%: Strategies for Improving Predictive Performance,Success
Netclan20241028,https://insights.blackcoffer.com/securing-sensitive-financial-data-with-privacy-preserving-machine-learning-for-predictive-analytics/,Securing Sensitive Financial Data with Privacy-Preserving Machine Learning for Predictive Analytics,Success
Netclan20241029,https://insights.blackcoffer.com/enhancing-data-collection-for-research-institutions-addressing-survey-fatigue-and-incorporating-verbal-communication-for-richer-insights/,Enhancing Data Collection for Research Institutions: Addressing Survey Fatigue and Incorporating Verbal Communication for Richer Insights,Success
Netclan20241030,https://insights.blackcoffer.com/analyzing-the-impact-of-positive-emotions-and-pandemic-severity-on-mental-health-and-resilience-among-entrepreneurs-insights-and-predictive-modeling/,Analyzing the Impact of Positive Emotions and Pandemic Severity on Mental Health and Resilience Among Entrepreneurs: Insights and Predictive Modeling,Success
Netclan20241031,https://insights.blackcoffer.com/dynamic-brand-centric-dashboard-for-automotive-dealerships-pdf-to-financial-insights-with-flask-react-architecture-and-aws-cloud-hosting/,"Dynamic, Brand-Centric Dashboard for Automotive Dealerships: PDF to Financial Insights with Flask-React Architecture and AWS Cloud Hosting",Success
Netclan20241032,https://insights.blackcoffer.com/cloud-based-data-modeling-and-analysis-platform-with-drag-and-drop-interface-and-openai-api-integration-for-simulation-insights/,Cloud-Based Data Modeling and Analysis Platform with Drag-and-Drop Interface and OpenAI API Integration for Simulation Insights,Success
Netclan20241033,https://insights.blackcoffer.com/voter-profile-analysis-and-search-application-for-targeted-campaign-engagement-using-government-voter-data/,Voter Profile Analysis and Search Application for Targeted Campaign Engagement Using Government Voter Data,Success
Netclan20241034,https://insights.blackcoffer.com/bert-based-classification-of-individuals-and-organizations-into-two-categories-using-natural-language-processing/,BERT-Based Classification of Individuals and Organizations into Two Categories Using Natural Language Processing,Success
Netclan20241035,https://insights.blackcoffer.com/comprehensive-analysis-of-solana-and-ethereum-contributors-using-github-api-with-comparative-study-of-1000-random-github-profiles/,Comprehensive Analysis of Solana and Ethereum Contributors Using GitHub API with Comparative Study of 1000 Random GitHub Profiles,Success
Netclan20241036,https://insights.blackcoffer.com/powerbi-rest-api-fetching-dataflow-and-refresh-schedules-with-semantic-models/,PowerBI REST API – Fetching Dataflow and Refresh Schedules with semantic models,Success
Netclan20241037,https://insights.blackcoffer.com/automated-job-data-import-and-management-solution-for-enhanced-efficiency/,Automated Job Data Import and Management Solution for Enhanced Efficiency,Success
Netclan20241038,https://insights.blackcoffer.com/data-analytics-and-optimization-solution-for-enhancing-renewable-energy-efficiency/,Data Analytics and Optimization Solution for Enhancing Renewable Energy Efficiency,Success
Netclan20241039,https://insights.blackcoffer.com/time-series-analysis-and-trend-forecasting-solution-for-predicting-news-trends/,Time Series Analysis and Trend Forecasting Solution for Predicting News Trends,Success
Netclan20241040,https://insights.blackcoffer.com/advanced-data-visualization-solutions-for-monitoring-key-business-metrics-with-integrated-interactive-dashboards/,"Advanced Data Visualization Solutions for Monitoring Key Business Metrics with Integrated, Interactive Dashboards",Success
Netclan20241041,https://insights.blackcoffer.com/advanced-patient-data-analysis-solution-for-trend-identification-and-improved-healthcare-outcome/,Advanced Patient Data Analysis Solution for Trend Identification and Improved Healthcare Outcome,Success
Netclan20241042,https://insights.blackcoffer.com/anomaly-detection-and-analysis-for-enhanced-data-integrity-and-user-experience-on-bright-datas-website/,Anomaly Detection and Analysis for Enhanced Data Integrity and User Experience on Bright Data’s Website,Success
Netclan20241043,https://insights.blackcoffer.com/building-custom-tflite-models-and-benchmarking-on-voxl2-chips/,Building Custom TFLite Models and Benchmarking on VOXL2 Chips,Success
Netclan20241044,https://insights.blackcoffer.com/sports-prediction-model-for-multiple-sports-leagues/,Sports Prediction Model for Multiple Sports Leagues,Success
Netclan20241045,https://insights.blackcoffer.com/efficient-coach-allocation-system-for-sports-coaching-organization/,Efficient Coach Allocation System for Sports Coaching Organization,Success
Netclan20241046,https://insights.blackcoffer.com/data-studio-dashboard-with-a-data-pipeline-tool-synced-with-podio-using-custom-webhooks-and-google-cloud-function-2/,Data Studio Dashboard with a data pipeline tool synced with Podio using custom Webhooks and Google Cloud Function,Success
Netclan20241047,https://insights.blackcoffer.com/ai-driven-backend-for-audio-to-text-conversion-and-analytical-assessment-in-pharmaceutical-practice/,AI-Driven Backend for Audio-to-Text Conversion and Analytical Assessment in Pharmaceutical Practice,Success
Netclan20241048,https://insights.blackcoffer.com/cloud-based-web-application-for-financial-data-processing-and-visualization-of-sp-500-metrics/,Cloud-Based Web Application for Financial Data Processing and Visualization of S&P 500 Metrics,Success
Netclan20241049,https://insights.blackcoffer.com/department-wise-kpi-tracking-dashboard-with-technician-performance-analysis-for-atoz-dependable-service/,Department-Wise KPI Tracking Dashboard with Technician Performance Analysis for AtoZ Dependable Service,Success
Netclan20241050,https://insights.blackcoffer.com/steps-to-convert-a-node-js-api-to-python-for-aws-lambda-deployment/,Steps to Convert a Node.js API to Python for AWS Lambda Deployment,Success
Netclan20241051,https://insights.blackcoffer.com/building-an-analytics-dashboard-with-a-pdf-parsing-pipeline-for-data-extraction/,Building an Analytics Dashboard with a PDF Parsing Pipeline for Data Extraction,Success
Netclan20241052,https://insights.blackcoffer.com/building-a-real-time-log-file-visualization-dashboard-in-kibana/,Building a Real-Time Log File Visualization Dashboard in Kibana,Success
Netclan20241053,https://insights.blackcoffer.com/analyzing-the-impact-of-female-ceo-appointments-on-company-stock-prices/,Analyzing the Impact of Female CEO Appointments on Company Stock Prices,Success
Netclan20241054,https://insights.blackcoffer.com/ai-chatbot-using-llm-langchain-llama/,"AI Chatbot using LLM, Langchain, LLama",Success
Netclan20241055,https://insights.blackcoffer.com/healthcare-ai-chatbot-using-llama-llm-langchain/,"Healthcare AI ChatBot using LLAMA, LLM, Langchain",Success
Netclan20241056,https://insights.blackcoffer.com/ai-bot-audio-to-audio/,AI Bot Audio to audio,Success
Netclan20241057,https://insights.blackcoffer.com/recommendation-engine-for-insurance-sector-to-expand-business-in-the-rural-area/,Recommendation Engine for Insurance Sector to Expand Business in the Rural Area,Success
Netclan20241058,https://insights.blackcoffer.com/data-from-crm-via-zapier-to-google-sheets-dynamic-to-powerbi/,Data from CRM via Zapier to Google Sheets (Dynamic) to PowerBI,Success
Netclan20241059,https://insights.blackcoffer.com/data-warehouse-to-google-data-studio-looker-dashboard/,Data Warehouse to Google Data Studio (Looker) Dashboard,Success
Netclan20241060,https://insights.blackcoffer.com/crm-monday-com-via-zapier-to-power-bi-dashboard/,"CRM, Monday.com via Zapier to Power BI Dashboard",Success
Netclan20241061,https://insights.blackcoffer.com/monday-com-to-kpi-dashboard-to-manage-view-and-generate-insights-from-the-crm-data/,"Monday.com to KPI Dashboard to manage, view, and generate insights from the CRM data",Success
Netclan20241062,https://insights.blackcoffer.com/data-management-for-a-political-saas-application/,Data Management for a Political SaaS Application,Success
Netclan20241063,https://insights.blackcoffer.com/google-lsa-ads-google-local-service-ads-etl-tools-and-dashboards/,Google LSA Ads (Google Local Service Ads) – ETL tools and Dashboards,Success
Netclan20241064,https://insights.blackcoffer.com/ad-networks-marketing-campaign-data-dashboard-in-looker-google-data-studio/,Ad Networks Marketing Campaign Data Dashboard in Looker (Google Data Studio),Success
Netclan20241065,https://insights.blackcoffer.com/analytical-solution-for-a-tech-firm/,Analytical solution for a tech firm,Success
Netclan20241066,https://insights.blackcoffer.com/ai-solution-for-a-technology-information-and-internet-firm/,"AI solution for a Technology, Information and Internet firm",Success
Netclan20241067,https://insights.blackcoffer.com/ai-and-nlp-based-solutions-to-automate-data-discovery-for-venture-capital-and-private-equity-principals/,AI and NLP-based Solutions to Automate Data Discovery for Venture Capital and Private Equity Principals,Success
Netclan20241068,https://insights.blackcoffer.com/an-etl-solution-for-an-internet-publishing-firm/,An ETL solution for an Internet Publishing firm,Success
Netclan20241069,https://insights.blackcoffer.com/ai-based-algorithmic-trading-bot-for-forex/,AI-Based Algorithmic Trading Bot for Forex,Success
Netclan20241070,https://insights.blackcoffer.com/equity-waterfalls-model-based-saas-application-for-real-estate-sector/,Equity Waterfalls Model-Based SaaS Application for Real Estate Sector,Success
Netclan20241071,https://insights.blackcoffer.com/ai-solutions-for-foreign-exchange-an-automated-algo-trading-tool/,AI Solutions for Foreign Exchange – An Automated Algo Trading Tool,Success
Netclan20241072,https://insights.blackcoffer.com/ai-agent-development-and-deployment-in-jina-ai/,AI agent development and Deployment in Jina AI,Success
Netclan20241073,https://insights.blackcoffer.com/golden-record-a-knowledge-graph-database-approach-to-unfold-discovery-using-neo4j/,Golden Record – A knowledge graph database approach to unfold discovery using Neo4j,Success
Netclan20241074,https://insights.blackcoffer.com/advanced-ai-for-trading-automation/,Advanced AI for Trading Automation,Success
Netclan20241075,https://insights.blackcoffer.com/create-a-knowledge-graph-to-provide-real-time-analytics-recommendations-and-a-single-source-of-truth/,"Create a Knowledge Graph to Provide Real-time Analytics, Recommendations, and a Single Source of Truth",Success
Netclan20241076,https://insights.blackcoffer.com/advanced-ai-for-thermal-person-detection/,Advanced AI for Thermal Person Detection,Success
Netclan20241077,https://insights.blackcoffer.com/advanced-ai-for-road-cam-threat-detection/,Advanced AI for Road Cam Threat Detection,Success
Netclan20241078,https://insights.blackcoffer.com/advanced-ai-for-pedestrian-crossing-safety/,Advanced AI for Pedestrian Crossing Safety,Success
Netclan20241079,https://insights.blackcoffer.com/handgun-detection-using-yolo/,Advanced AI for Handgun Detection,Success
Netclan20241080,https://insights.blackcoffer.com/using-graph-technology-to-create-single-customer-view/,Using Graph Technology to Create Single Customer View.,Success
Netclan20241081,https://insights.blackcoffer.com/car-detection-in-satellite-images/,Car Detection in Satellite Images,Success
Netclan20241082,https://insights.blackcoffer.com/building-a-physics-informed-neural-network-for-circuit-evaluation/,Building a Physics-Informed Neural Network for Circuit Evaluation,Success
Netclan20241083,https://insights.blackcoffer.com/connecting-mongodb-database-to-power-bi-dashboard-dashboard-automation/,Connecting MongoDB Database to Power BI Dashboard: Dashboard Automation,Success
Netclan20241084,https://insights.blackcoffer.com/data-transformation/,Data Transformation,Success
Netclan20241085,https://insights.blackcoffer.com/e-commerce-store-analysis-purchase-behavior-ad-spend-conversion-traffic-etc/,"E-commerce Store Analysis – Purchase Behavior, Ad Spend, Conversion, Traffic, etc…",Success
Netclan20241086,https://insights.blackcoffer.com/kpi-dashboard-for-accountants/,KPI Dashboard for Accountants,Success
Netclan20241087,https://insights.blackcoffer.com/return-on-advertising-spend-dashboard-marketing-automation-and-analytics-using-etl-and-dashboard/,Return on Advertising Spend Dashboard: Marketing Automation and Analytics using ETL and Dashboard,Success
Netclan20241088,https://insights.blackcoffer.com/ranking-customer-behaviours-for-business-strategy/,Ranking customer behaviours for business strategy,Success
Netclan20241089,https://insights.blackcoffer.com/algorithmic-trading-for-multiple-commodities-markets-like-forex-metals-energy-etc/,"Algorithmic trading for multiple commodities markets, like Forex, Metals, Energy, etc.",Success
Netclan20241090,https://insights.blackcoffer.com/trading-bot-for-forex/,Trading Bot for FOREX,Success
Netclan20241091,https://insights.blackcoffer.com/python-model-for-the-analysis-of-sector-specific-stock-etfs-for-investment-purposes%ef%bf%bc/,Python model for the analysis of sector-specific stock ETFs for investment purposes,Success
Netclan20241092,https://insights.blackcoffer.com/medical-classification/,Medical Classification,Success
Netclan20241093,https://insights.blackcoffer.com/design-develop-bert-question-answering-model-explanations-with-visualization/,Design & Develop BERT Question Answering model explanations with visualization,Success
Netclan20241094,https://insights.blackcoffer.com/design-and-develop-solution-to-anomaly-detection-classification-problems/,Design and develop solution to anomaly detection classification problems,Success
Netclan20241095,https://insights.blackcoffer.com/an-etl-solution-for-currency-data-to-google-big-query/,An ETL Solution for Currency Data to Google Big Query,Success
Netclan20241096,https://insights.blackcoffer.com/etl-and-mlops-infrastructure-for-blockchain-analytics/,ETL and MLOps Infrastructure for Blockchain Analytics,Success
Netclan20241097,https://insights.blackcoffer.com/an-agent-based-model-of-a-virtual-power-plant-vpp/,An agent-based model of a Virtual Power Plant (VPP),Success
Netclan20241098,https://insights.blackcoffer.com/transform-api-into-sdk-library-and-widget/,Transform API into SDK library and widget,Success
Netclan20241099,https://insights.blackcoffer.com/integration-of-a-product-to-a-cloud-based-crm-platform/,Integration of a product to a cloud-based CRM platform,Success
Netclan20241100,https://insights.blackcoffer.com/a-web-based-dashboard-for-the-filtered-data-retrieval-of-land-records/,A web-based dashboard for the filtered data retrieval of land records,Success
Netclan20241101,https://insights.blackcoffer.com/integration-of-video-conferencing-data-to-the-existing-web-app/,Integration of video-conferencing data to the existing web app,Success
Netclan20241102,https://insights.blackcoffer.com/design-develop-an-app-in-retool-which-shows-the-progress-of-the-added-video/,Design & develop an app in retool which shows the progress of the added video,Success
Netclan20241103,https://insights.blackcoffer.com/auvik-connectwise-integration-in-grafana/,"Auvik, Connectwise integration in Grafana",Success
Netclan20241104,https://insights.blackcoffer.com/data-integration-and-big-data-performance-using-elk-stack/,"ERROR: Network/HTTP Issue - HTTPSConnectionPool(host='insights.blackcoffer.com', port=443): Read timed out. (read timeout=10)","Failed: Network/HTTP Error - HTTPSConnectionPool(host='insights.blackcoffer.com', port=443): Read timed out. (read timeout=10)"
Netclan20241105,https://insights.blackcoffer.com/web-data-connector/,Web Data Connector,Success
Netclan20241106,https://insights.blackcoffer.com/an-app-for-updating-the-email-id-of-the-user-and-stripe-refund-tool-using-retool/,An app for updating the email id of the user and stripe refund tool using retool,Success
Netclan20241107,https://insights.blackcoffer.com/an-ai-ml-based-web-application-that-detects-the-correctness-of-text-in-a-given-video/,An AI ML-based web application that detects the correctness of text in a given video,Success
Netclan20241108,https://insights.blackcoffer.com/website-tracking-and-insights-using-google-analytics-google-tag-manager/,"Website Tracking and Insights using Google Analytics, & Google Tag Manager",Success
Netclan20241109,https://insights.blackcoffer.com/dashboard-to-track-the-analytics-of-the-website-using-google-analytics-and-google-tag-manager/,Dashboard to track the analytics of the website using Google Analytics and Google Tag Manager,Success
Netclan20241110,https://insights.blackcoffer.com/power-bi-dashboard-on-operations-transactions-and-marketing-embedding-the-dashboard-to-web-app/,"Power BI Dashboard on Operations, Transactions, and Marketing Data, embedding the Dashboard to Web App",Success
Netclan20241111,https://insights.blackcoffer.com/nft-data-automation-looksrare-and-etl-tool/,"NFT Data Automation (looksrare), and ETL tool",Success
Netclan20241112,https://insights.blackcoffer.com/optimize-the-data-scraper-program-to-easily-accommodate-large-files-and-solve-oom-errors/,Optimize the data scraper program to easily accommodate large files and solve OOM errors,Success
Netclan20241113,https://insights.blackcoffer.com/making-a-robust-way-to-sync-data-from-airtables-to-mongodb-using-python-etl-solution/,Making a robust way to sync data from airtables to mongoDB using python – ETL Solution,Success
Netclan20241114,https://insights.blackcoffer.com/incident-duration-prediction-infrastructure-and-real-estate/,Incident Duration Prediction – Infrastructure and Real Estate,Success
Netclan20241115,https://insights.blackcoffer.com/statistical-data-analysis-of-reinforced-concrete/,Statistical Data Analysis of Reinforced Concrete,Success
Netclan20241116,https://insights.blackcoffer.com/database-normalization-segmentation-with-google-data-studio-dashboard-insights/,Database Normalization & Segmentation with Google Data Studio Dashboard Insights,Success
Netclan20241117,https://insights.blackcoffer.com/power-bi-dashboard-to-drive-insights-from-complex-data-to-generate-business-insights/,Power BI dashboard to drive insights from complex data to generate business insights,Success
Netclan20241118,https://insights.blackcoffer.com/real-time-dashboard-to-monitor-infrastructure-activity-and-machines/,Real-time dashboard to monitor infrastructure activity and Machines,Success
Netclan20241119,https://insights.blackcoffer.com/electric-vehicles-ev-load-management-system-to-forecast-energy-demand/,Electric Vehicles (EV) Load Management System to Forecast Energy Demand,Success
Netclan20241120,https://insights.blackcoffer.com/power-bi-data-driven-map-dashboard/,Power BI Data-Driven Map Dashboard,Success
Netclan20241121,https://insights.blackcoffer.com/google-local-service-ads-lsa-leads-dashboard/,Google Local Service Ads (LSA) Leads Dashboard,Success
Netclan20241122,https://insights.blackcoffer.com/aws-lex-voice-and-chatbot/,AWS Lex Voice and Chatbot,Success
Netclan20241123,https://insights.blackcoffer.com/metabridges-api-decentraland-integration/,"MetaBridges API Decentraland Integration – AR, VR",Success
Netclan20241124,https://insights.blackcoffer.com/microsoft-azure-chatbot-with-luis-language-understanding/,Microsoft Azure chatbot with LUIS (Language Understanding),Success
Netclan20241125,https://insights.blackcoffer.com/impact-of-news-media-and-press-on-innovation-startups-and-investments/,"Impact of news, media, and press on innovation, startups, and investments",Success
Netclan20241126,https://insights.blackcoffer.com/aws-quicksight-reporting-dashboard/,AWS QuickSight Reporting Dashboard,Success
Netclan20241127,https://insights.blackcoffer.com/google-data-studio-dashboard-for-marketing-ads-and-traction-data/,"Google Data Studio Dashboard for Marketing, ads and Traction data",Success
Netclan20241128,https://insights.blackcoffer.com/gangala-in-e-commerce-big-data-etl-elt-solution-and-data-warehouse/,Gangala.in: E-commerce Big Data ETL / ELT Solution and Data Warehouse,Success
Netclan20241129,https://insights.blackcoffer.com/big-data-solution-to-an-online-multivendor-marketplace-ecommerce-business/,Big Data solution to an online multivendor marketplace eCommerce business,Success
Netclan20241130,https://insights.blackcoffer.com/creating-a-custom-report-and-dashboard-using-the-data-got-from-atera-api/,Creating a custom report and dashboard using the data got from Atera API,Success
Netclan20241131,https://insights.blackcoffer.com/azure-data-lake-and-power-bi-dashboard/,Azure Data Lake and Power BI Dashboard,Success
Netclan20241132,https://insights.blackcoffer.com/google-data-studio-pipeline-with-gcp-mysql/,Google Data Studio Pipeline with GCP/MySQL,Success
Netclan20241133,https://insights.blackcoffer.com/quickbooks-dashboard-to-find-patterns-in-finance-sales-and-forecasts/,"QuickBooks dashboard to find patterns in finance, sales, and forecasts",Success
Netclan20241134,https://insights.blackcoffer.com/marketing-sales-and-financial-data-business-dashboard-wink-report/,"Marketing, sales, and financial data business dashboard (Wink Report)",Success
Netclan20241135,https://insights.blackcoffer.com/react-native-apps-in-the-development-portfolio/,React Native Apps in the Development Portfolio,Success
Netclan20241136,https://insights.blackcoffer.com/a-leading-firm-website-seo-optimization/,"A Leading Law Firm in the USA, Website SEO & Optimization",Success
Netclan20241137,https://insights.blackcoffer.com/a-leading-hospitality-firm-in-the-usa-website-seo-optimization/,"A Leading Hospitality Firm in the USA, Website SEO & Optimization",Success
Netclan20241138,https://insights.blackcoffer.com/a-leading-firm-in-the-usa-website-seo-optimization/,"A Leading Firm in the USA, Website SEO & Optimization",Success
Netclan20241139,https://insights.blackcoffer.com/a-leading-musical-instrumental-website-seo-optimization/,"A Leading Musical Instrumental, Website SEO & Optimization",Success
Netclan20241140,https://insights.blackcoffer.com/a-leading-firm-in-the-usa-seo-and-website-optimization/,"A Leading Firm in the USA, SEO and Website Optimization",Success
Netclan20241141,https://insights.blackcoffer.com/immigration-datawarehouse-ai-based-recommendations/,Immigration Datawarehouse & AI-based recommendations,Success
Netclan20241142,https://insights.blackcoffer.com/lipsync-automation-for-celebrities-and-influencers/,Lipsync Automation for Celebrities and Influencers,Success
Netclan20241143,https://insights.blackcoffer.com/key-audit-matters-predictive-modeling/,Key Audit Matters Predictive Modeling,Success
Netclan20241144,https://insights.blackcoffer.com/splitting-of-songs-into-its-vocals-and-instrumental/,Splitting of Songs into its Vocals and Instrumental,Success
Netclan20241145,https://insights.blackcoffer.com/ai-and-ml-technologies-to-evaluate-learning-assessments/,AI and ML technologies to Evaluate Learning Assessments,Success
Netclan20241146,https://insights.blackcoffer.com/datawarehouse-and-recommendations-engine-for-airbnb/,"Datawarehouse, and Recommendations Engine for AirBNB",Success
Netclan20241147,https://insights.blackcoffer.com/real-estate-data-warehouse/,Real Estate Data Warehouse,Success
Netclan20241148,https://insights.blackcoffer.com/traction-dashboards-of-marketing-campaigns-and-posts/,Traction Dashboards of Marketing Campaigns and Posts,Success
Netclan20241149,https://insights.blackcoffer.com/google-local-service-ads-lsa-data-warehouse/,Google Local Service Ads (LSA) Data Warehouse,Success
Netclan20241150,https://insights.blackcoffer.com/google-local-service-ads-missed-calls-and-messages-automation-tool/,Google Local Service Ads Missed Calls and Messages Automation Tool,Success
Netclan20241151,https://insights.blackcoffer.com/marketing-ads-leads-call-status-data-tool-to-bigquery/,Marketing Ads Leads Call Status Data Tool to BigQuery,Success
Netclan20241152,https://insights.blackcoffer.com/marketing-analytics-to-automate-leads-call-status-and-reporting/,Marketing Analytics to Automate Leads Call Status and Reporting,Success
Netclan20241153,https://insights.blackcoffer.com/callrail-analytics-leads-report-alert/,"CallRail, Analytics & Leads Report Alert",Success
Netclan20241154,https://insights.blackcoffer.com/marketing-automation-tool-to-notify-lead-details-to-clients-over-email-and-phone/,Marketing Tool to Notify Leads to Clients over Email and Phone,Success
Netclan20241155,https://insights.blackcoffer.com/data-etl-local-service-ads-leads-to-bigquery/,Data ETL: Local Service Ads Leads to BigQuery,Success
Netclan20241156,https://insights.blackcoffer.com/marbles-stimulation-using-python/,Marbles Stimulation using python,Success
Netclan20241157,https://insights.blackcoffer.com/stocktwits-data-structurization/,Stocktwits Data Structurization,Success
Netclan20241158,https://insights.blackcoffer.com/sentimental-analysis-on-shareholder-letter-of-companies/,Sentimental Analysis on Shareholder Letter of Companies,Success
Netclan20241159,https://insights.blackcoffer.com/population-and-community-survey-of-america/,Population and Community Survey of America,Success
Netclan20241160,https://insights.blackcoffer.com/google-lsa-api-data-automation-and-dashboarding/,Google LSA API Data Automation and Dashboarding,Success
Netclan20241161,https://insights.blackcoffer.com/healthcare-data-analysis/,Healthcare Data Analysis,Success
Netclan20241162,https://insights.blackcoffer.com/budget-sales-kpi-dashboard-using-power-bi/,"Budget, Sales KPI Dashboard using Power BI",Success
Netclan20241163,https://insights.blackcoffer.com/amazon-buy-bot-an-automation-ai-tool-to-auto-checkouts/,"Amazon Buy Bot, an Automation AI tool to Auto-Checkouts",Success
